,activation,distance,fov_x,velocity
0,0.720438324136,0.5,45,1.0
1,0.720438324136,0.5,120,1.0
2,0.720438324136,0.5,eneral,1.0
