name,size,x,y
oak_tree,10,25.3088,0.141153
oak_tree,10,26.646,4.55567
oak_tree,10,35.859,-19.3843
oak_tree,10,62.1314,-9.59649
