name,size,x,y
oak_tree,100.0,30.1088,-1
oak_tree,100.0,26.646,9.55567
oak_tree,100.0,35.859,-19.3843
oak_tree,100.0,62.1314,-9.59649
